species,disease_name,display_name,description,typical_symptoms,healthy_difference,medicinal_use_instruction,treatment_instruction,medicinal_suitability_level,medicinal_suitability_assessment,reference
Neem,Alternaria,Alternaria Leaf Spot / Blight,A fungal foliar disease reported on neem and commonly associated with Alternaria alternata. It can begin as localized spotting and progress to blighting of affected leaf tissue.,"Dark brown to black spots, often on yellowing tissue; spots may enlarge or merge; affected areas can become necrotic and leaves may dry or shed prematurely.","Healthy neem leaves are normally deep green and intact, without dark necrotic spots, expanding blighted areas, or abnormal yellowing.","Not recommended for medicinal use: discard the visibly affected leaf rather than cutting around the lesions. Use separate, fully healthy neem leaves only after the plant is under control and normal quality checks are satisfied.","Remove heavily infected leaves and fallen debris; improve spacing and airflow; avoid prolonged wet foliage. If disease persists, use only a locally registered treatment for neem and follow the label and pre-harvest interval.",Not_Recommended,Active fungal spotting/blight and necrotic tissue make the affected leaf unsuitable as medicinal raw material. Use separate healthy leaves after the disease is controlled.,https://agritech.tnau.ac.in/forestry/forest_disease_neem.html | https://www.techscience.com/cmc/v69n2/43865/html | https://doi.org/10.48084/etasr.15752 | https://www.who.int/publications/i/item/9241546271 | https://www.who.int/publications/i/item/9789241500739
Neem,Bacterial_infection,Bacterial Leaf Infection,"A bacterial foliar condition of neem. Bacterial leaf spot and vein-blight symptoms have been reported in neem, with Pseudomonas and Xanthomonas species among reported causal bacteria.","Water-soaked or angular dark spots, yellowing around lesions, vein blight, and sometimes shot-hole symptoms where dead tissue falls out; severe lesions may merge and contribute to leaf drop.","Healthy neem leaves should not show water-soaked angular lesions, shot holes formed from dead tissue, dark bacterial-looking spots, or blighted veins.","Not recommended for medicinal use: discard leaves showing water-soaked, necrotic, shot-hole, or blighted symptoms. Do not try to salvage the affected leaf by trimming the visible spot.","Remove affected leaves, dispose of infected debris, sanitize cutting tools, avoid overhead watering and handling plants while wet, and reduce leaf-to-leaf splash. Seek confirmation before using any bactericide.",Not_Recommended,"Visible bacterial-type infection, necrosis or blighting is incompatible with medicinal raw-material quality. The affected leaf should not be used.",https://www.tandfonline.com/doi/abs/10.1080/09670877009413406 | https://agritech.tnau.ac.in/forestry/forest_disease_neem.html | https://doi.org/10.48084/etasr.15752 | https://www.who.int/publications/i/item/9241546271 | https://www.who.int/publications/i/item/9789241500739
Neem,Defoliator,Defoliator Damage,A pest-damage class rather than a plant disease. Defoliating insects or other leaf-feeding pests remove leaf tissue and can reduce foliage substantially.,"Missing or eaten leaf tissue, ragged or geometric chewing marks, partial skeletonization, damaged margins, drying of remaining tissue, and partial or severe defoliation.","Healthy neem leaves retain complete leaflets and margins without extensive chewing, skeletonization, or unexplained loss of foliage.","Do not use heavily chewed or contaminated leaves for medicinal preparation. Prefer a separate intact, healthy leaf from the same plant after the pest problem is controlled.","Inspect both leaf surfaces and shoots for larvae or eggs; hand-remove pests where practical; prune severely damaged leaves; conserve natural enemies. If an insecticide is needed, use only one registered for the crop and observe the label and pre-harvest interval.",Low_Suitability,"Feeding damage does not prove that all medicinal compounds are lost, but substantial chewing and possible pest contamination reduce material quality. Prefer intact healthy leaves.",https://www.ncbi.nlm.nih.gov/books/NBK234651/ | https://assets.publishing.service.gov.uk/media/57a08d82e5274a31e00018d6/R7348_report.pdf | https://doi.org/10.48084/etasr.15752 | https://www.who.int/publications/i/item/9241546271 | https://www.who.int/publications/i/item/9789241500739
Neem,Dieback,Neem Dieback,A progressive shoot-and-branch decline syndrome reported in neem. Phomopsis azadirachtae has historically been associated with neem dieback in published reports.,Drying starts at terminal shoots and progresses downward; crown thinning and defoliation may occur; inflorescence blight and premature wilting of fruits can accompany severe cases.,"Healthy neem shoots remain green and actively growing, without progressive drying from the tip toward the base or widespread branch death.","Do not use leaves from dying, wilted, or visibly affected shoots for medicinal preparation. Harvest only separate healthy growth after the cause of dieback has been addressed and the plant has recovered.","Prune dead or affected shoots back into healthy tissue using sanitized tools; remove infected debris; reduce plant stress and correct drainage problems. Because dieback can have several causes, obtain plant-pathology confirmation if it continues.",Not_Recommended,Leaves from actively dying or severely declining shoots should not be used as medicinal raw material because the underlying cause and tissue quality are uncertain.,https://www.researchgate.net/publication/381964932_Neem_Azadirachta_indica_A_Juss_die-back_disease_-_a_report | https://doi.org/10.48084/etasr.15752 | https://www.who.int/publications/i/item/9241546271 | https://www.who.int/publications/i/item/9789241500739
Neem,Irregular_yellowing,Irregular Yellowing,"A visible stress/condition class, not a single confirmed disease diagnosis. Irregular yellowing in neem may be associated with nutritional deficiency, water/root stress, pest pressure, or systemic disease and therefore requires further diagnosis.","Patchy or uneven chlorosis, yellowing of tips or margins, mottled green-and-yellow areas, reduced vigor, drooping, and in some cases premature leaf fall.","Healthy neem foliage is generally evenly green and vigorous rather than patchily chlorotic, mottled, or prematurely yellowing.",Not recommended when yellowing is strong or unexplained. Do not use the discolored leaf as medicinal material; choose a separate healthy green leaf only after the underlying stress or disease has been identified.,"Do not apply a disease-specific treatment from yellowing alone. Check watering, drainage, root health, nutrition, pest activity, and other disease signs; correct the confirmed cause and monitor new growth.",Expert_Verification_Recommended,Irregular yellowing is a nonspecific stress symptom. The cause and medicinal-material quality cannot be determined reliably from appearance alone.,https://doi.org/10.48084/etasr.15752 | https://www.ncbi.nlm.nih.gov/books/NBK234651/ | https://www.fao.org/4/u8520e/u8520e09.htm | https://www.who.int/publications/i/item/9241546271 | https://www.who.int/publications/i/item/9789241500739
Neem,Leaf_Blight,Leaf Blight,"A broad foliar blight syndrome in neem. Multiple fungal causes have been reported in different studies, so this class should not be treated as a single pathogen-specific diagnosis unless the dataset provides confirmed etiology.","Expanding brown to dark necrotic areas, large blighted patches, drying and collapse of affected tissue, and possible premature defoliation in severe cases.","Healthy neem leaves lack large expanding necrotic patches, widespread blighting, and rapid drying of substantial portions of the lamina.",Not recommended for medicinal use: discard blighted or necrotic leaves. Do not cut away the brown area and use the rest of the same affected leaf.,"Remove severely affected leaves and fallen debris; improve airflow; avoid prolonged leaf wetness and overhead irrigation. If a fungicide is required, first confirm the causal disease and use only a locally registered product according to the label.",Not_Recommended,Blighted and necrotic tissue is visibly deteriorated and may be pathogen-associated. The affected leaf should not be used medicinally.,https://agritech.tnau.ac.in/forestry/forest_disease_neem.html | https://www.researchgate.net/publication/237816317_Leaf_blight_of_Azadirachta_indica_and_its_management_in_vitro | https://www.who.int/publications/i/item/9241546271 | https://www.who.int/publications/i/item/9789241500739
Neem,Leaf_Miners,Leaf Miner Damage,An insect-mining damage class rather than a fungal or bacterial disease. Leaf-miner larvae feed within leaf tissue and create visible mines. The exact leaf-miner species on neem should be confirmed for the local dataset.,"Pale or whitish serpentine tunnels or blotch-like mines inside the leaf, small feeding punctures, localized drying, and in severe cases premature leaf drop.","Healthy neem leaves do not contain winding translucent mines, internal blotches, or characteristic feeding trails within the leaf blade.","Do not use heavily mined leaves for medicinal preparation. Prefer separate, intact healthy leaves; do not rely on cutting around visible mines because larvae and damaged tissue may extend within the leaf.","Remove heavily mined leaves where practical, inspect new flush regularly, reduce nearby alternate hosts/weeds, and protect natural parasitoids. Use a registered pest-control product only if damage is severe and follow the pre-harvest interval.",Low_Suitability,"Mining damage can leave some intact tissue, but internal feeding injury and possible pest contamination reduce suitability. Prefer separate undamaged leaves.",https://www.agritech.tnau.ac.in/crop_protection/tomato/tomato_2.html | https://www.who.int/publications/i/item/9241546271 | https://www.who.int/publications/i/item/9789241500739
Neem,Leaf_Miners_Powdery_Mildew,Leaf Miner Damage + Powdery Mildew,"A combined condition representing simultaneous leaf-miner injury and powdery mildew symptoms. It should be treated as a mixed condition, not as one causal disease.","Serpentine or blotch-like mines within the leaf together with white to gray powdery fungal patches on the surface; yellowing, drying, or premature leaf drop may occur when damage is extensive.",Healthy neem leaves lack both internal mining trails and white/gray powdery fungal growth.,"Not recommended for medicinal use: discard leaves showing both mining injury and powdery fungal growth. Use only separate, healthy leaves after both problems are controlled.","Manage the two problems separately: remove heavily mined/mildewed leaves, improve airflow, reduce prolonged leaf wetness, monitor for miners, and conserve beneficial insects. Use only locally registered controls appropriate to each problem.",Not_Recommended,"This combines insect injury with active fungal growth, making the affected leaf unsuitable for medicinal raw material.",https://www.agritech.tnau.ac.in/crop_protection/tomato/tomato_2.html | https://agritech.tnau.ac.in/forestry/forest_disease_neem.html | https://www.who.int/publications/i/item/9241546271 | https://www.who.int/publications/i/item/9789241500739
Neem,Leaf_Rust,Leaf Rust (Dataset Label),"A rust-like foliar condition corresponding to the dataset label. A neem-specific causal rust fungus was not reliably verified in the sources reviewed, so this row intentionally describes the visible rust syndrome rather than naming a pathogen.","Powdery yellow, orange, rust-brown, or dark pustule-like spots on leaves, often accompanied by chlorosis and drying when infection is severe.",Healthy neem leaves do not show rust-colored powdery pustules or spore-like masses on the leaf surface.,Not recommended for medicinal use: discard leaves showing rust-like pustules or substantial yellowing. Do not use the unaffected-looking portion of the same diseased leaf.,"Remove and dispose of infected leaves and fallen debris, avoid overhead watering, improve airflow, and prune heavily affected shoots when appropriate. Confirm true rust before applying any fungicide.",Not_Recommended,Rust-like pustules and associated deterioration indicate active foliar disease. The affected leaf should not be used medicinally.,https://ipm.ucanr.edu/agriculture/floriculture-and-ornamental-nurseries/rust/ | https://www.who.int/publications/i/item/9241546271 | https://www.who.int/publications/i/item/9789241500739 | https://ipm.ucanr.edu/home-and-landscape/rusts-trees-and-shrubs/
Neem,Yellow,General Yellowing,"A visible yellowing/stress class rather than a single pathogen-specific disease. In a recent medicinal-leaf disease dataset, neem yellowing was described as generalized yellowing and drooping associated with nutritional stress or possible early systemic infection.","Generalized loss of green color, pale or yellow leaflets, possible drooping, and reduced visual vigor without necessarily having a distinct lesion pattern.","Healthy neem leaves are normally deep green and firm rather than broadly yellow, pale, or drooping.",Not recommended when the leaf is broadly yellow or stressed. Use a separate healthy green leaf only after the cause has been corrected; yellowing alone does not identify a pathogen.,"Check irrigation, drainage, root condition, nutrition, pests, and other disease symptoms. Correct the identified stress and monitor whether new leaves return to normal green growth.",Expert_Verification_Recommended,General yellowing is a nonspecific stress sign and does not reveal its cause or the concentration of medicinal constituents. Expert or agronomic verification is appropriate.,https://doi.org/10.1038/s41598-026-39182-3 | https://www.who.int/publications/i/item/9241546271 | https://www.who.int/publications/i/item/9789241500739
Neem,Powdery_Mildew,Powdery Mildew,A fungal disease of neem reported as powdery mildew and associated with Oidium azadirachtae in forestry pathology references.,White powdery patches on the leaf surface that can enlarge and merge; severe infection may give the lamina a gray-white appearance and contribute to premature defoliation.,Healthy neem leaves are clean and green without white or gray powdery fungal growth on the surface.,Not recommended for medicinal use: discard leaves with visible white/gray powdery growth. Do not wash or trim the affected area and then use the same leaf as medicinal material.,"Remove heavily infected leaves, improve spacing and airflow, avoid conditions that keep foliage persistently humid, and clean up fallen material. If needed, use only a locally registered mildew treatment and follow the label and pre-harvest interval.",Not_Recommended,Visible fungal growth is incompatible with medicinal raw-material quality. Do not use the affected leaf.,https://agritech.tnau.ac.in/forestry/forest_disease_neem.html | https://www.who.int/publications/i/item/9241546271 | https://www.who.int/publications/i/item/9789241500739
Neem,Web_Blight,Web Blight,A fungal web-blight disease reported on neem and associated with Rhizoctonia solani. Adjacent infected leaves can become connected by fungal growth.,"Grayish-brown blotches that enlarge, silky or web-like fungal growth between nearby leaves, leaf curling, necrosis, and possible premature detachment.","Healthy neem leaves lack gray-brown spreading blotches, necrotic webbed tissue, and fungal strands joining neighboring leaves.","Not recommended for medicinal use: discard leaves with webbing, spreading necrosis, or tissue collapse. Use separate healthy leaves only after the infection is controlled.","Remove blighted leaves and fallen debris, thin dense growth to improve airflow, and avoid overhead irrigation or prolonged wet foliage. If severe, confirm the diagnosis and use only a locally registered treatment.",Not_Recommended,"Fungal webbing, necrosis and tissue deterioration make the affected leaf unsuitable for medicinal use.",https://agritech.tnau.ac.in/forestry/forest_disease_neem.html | https://www.techscience.com/cmc/v69n2/43865/html | https://doi.org/10.1038/s41598-026-39182-3 | https://www.who.int/publications/i/item/9241546271 | https://www.who.int/publications/i/item/9789241500739 | https://www.extension.umd.edu/resource/rhizoctonia-web-blight-flowers
Neem,Spot,Leaf Spot,"A general neem leaf-spot class. Recent medicinal-leaf classification work describes this class by distinct brown spots with a circular ring. Several fungal leaf-spot pathogens are reported on neem, so the label should not imply one pathogen unless confirmed.","Clearly defined brown spots, often circular or ringed; lesions may increase in number or size, and some leaf-spot diseases can produce pale or gray areas and premature shedding when severe.",Healthy neem leaves should be uniformly green without clearly defined circular brown lesions or expanding necrotic spots.,"Not recommended for medicinal use when spots are active, numerous, or necrotic. Discard the affected leaf rather than cutting around the lesions; use a separate healthy leaf after the problem is controlled.","Remove severely spotted leaves and fallen debris, improve airflow, and avoid prolonged leaf wetness. Confirm the causal leaf-spot disease before applying any disease-specific treatment.",Expert_Verification_Recommended,"A generic 'Spot' label may represent several causes. Because the exact condition is uncertain, medicinal suitability should be verified rather than inferred from the image alone.",https://doi.org/10.1038/s41598-026-39182-3 | https://agritech.tnau.ac.in/forestry/forest_disease_neem.html | https://www.who.int/publications/i/item/9241546271 | https://www.who.int/publications/i/item/9789241500739
betel,Leaf_Rot,Leaf Rot,"A destructive betel-leaf rot syndrome commonly associated with Phytophthora species in betel pathology literature, especially under warm, wet and highly humid conditions.","Circular or irregular dark-brown water-soaked lesions that enlarge, become black or rotten-looking, and may spread rapidly during persistent humidity; severe infection can cause defoliation.","Healthy betel leaves are glossy, green, firm and intact without water-soaked expanding brown-black rot lesions.","Not recommended for medicinal or culinary use: discard any betel leaf showing water-soaked, soft, rotten, blackened, or expanding lesions. Do not cut away the rotten area and use the remainder.","Remove infected leaves/vines and plant debris, improve drainage, avoid waterlogging and frequent overhead irrigation, and keep foliage as dry as practical. For persistent Phytophthora problems, use locally recommended integrated management and only registered treatments.",Not_Recommended,"Rotten, water-soaked or decomposing betel tissue should not be used for medicinal or culinary preparation.",https://plantuse.plantnet.org/en/Piper_betle_%28PROSEA%29 | https://bsppjournals.onlinelibrary.wiley.com/doi/full/10.1002/ndr2.12140 | https://www.who.int/publications/i/item/9241546271 | https://www.who.int/publications/i/item/9789241500739 | https://www.agritech.tnau.ac.in/horticulture/horti_plantation%20crops_betelvine.html
betel,Leaf_Spot,Leaf Spot / Anthracnose,"A foliar spotting condition of betel. Colletotrichum-associated anthracnose/leaf spot is among the commonly reported causes, although the exact pathogen should be confirmed for a given dataset.","Small circular or oval brown to dark lesions, often with a yellowish border or halo; spots can enlarge, develop concentric patterns, merge, and form larger necrotic areas.","Healthy betel leaves are evenly green and glossy without expanding brown necrotic spots, yellow halos, or coalescing lesions.",Not recommended for medicinal use when lesions are visible or expanding. Discard the affected leaf; harvest separate healthy leaves after the disease is under control.,"Remove heavily spotted leaves and infected debris, improve airflow, reduce prolonged leaf wetness and splash, and maintain clean planting material. Use only a registered treatment after confirming the causal leaf-spot disease.",Not_Recommended,Active necrotic leaf spotting is substandard medicinal raw material. Prefer separate healthy leaves after the problem is controlled.,https://plantuse.plantnet.org/en/Piper_betle_%28PROSEA%29 | https://apsjournals.apsnet.org/doi/10.1094/PDIS-10-19-2206-PDN | https://www.who.int/publications/i/item/9241546271 | https://www.who.int/publications/i/item/9789241500739 | https://www.agritech.tnau.ac.in/horticulture/horti_plantation%20crops_betelvine.html
centella_asiatica,Dried,Dried Leaf Condition,"A low-moisture or post-harvest quality condition, not a disease diagnosis. A published Centella asiatica image dataset includes a Dried class, and dried Centella leaves are also intentionally prepared for products such as teas, decoctions and infusions.","Loss of fresh turgor, shriveled or dry texture, increased brittleness, reduced pliability, and possible darkening or other color changes associated with moisture loss.","Fresh healthy Centella leaves are generally green, pliable and turgid rather than brittle, shriveled or markedly dehydrated.","Conditionally suitable only if the leaf was intentionally dried using a hygienic, controlled process and shows no mold, decay, abnormal odor, insect contamination, or re-wetting. If the leaf dried unintentionally on the plant or shows deterioration, do not use it as medicinal material.","This is not a disease. If drying occurred on the living plant, check soil moisture, drainage, heat/sun stress, root health, and irrigation. If it is post-harvest drying, control drying conditions and store the material dry and protected from moisture and contamination.",Conditionally_Suitable,"Intentional hygienic drying can preserve medicinal constituents, but suitability depends strongly on the drying method, storage conditions and absence of mould or contamination.",https://doi.org/10.1016/j.dib.2024.111150 | https://pmc.ncbi.nlm.nih.gov/articles/PMC9642956/ | https://www.who.int/publications/i/item/9241546271 | https://www.who.int/publications/i/item/9789241500739 | https://doi.org/10.1016/j.sajb.2015.01.013
centella_asiatica,WormCreep,Worm Creep Damage,"A caterpillar-feeding abnormality reported for Centella asiatica. The source study calls this 'Worm Creep Disease', but biologically it is better treated as insect/pest damage rather than a pathogen-caused disease.","Chewed or missing leaf tissue, progressive feeding on both young and older leaves, ragged leaf edges, partial defoliation, and in severe cases extensive loss of leaves with mainly stems or petioles remaining.","Healthy Centella asiatica leaves are intact, green and spreading, without extensive chewing, missing tissue, ragged margins, or progressive defoliation.","Do not use heavily caterpillar-damaged, contaminated, or partly decomposed leaves for medicinal preparation. Prefer separate intact healthy leaves after the pest problem has been controlled. Do not assume that cutting around visible feeding damage makes a heavily affected leaf suitable.","Inspect both leaf surfaces and nearby growth for caterpillars and eggs; hand-pick small populations where practical and remove severely damaged leaves. Encourage natural enemies. If control is necessary, use only a product registered for the crop and pest, such as an appropriate caterpillar-specific biological control where locally permitted, and follow all label and pre-harvest instructions.",Low_Suitability,Caterpillar feeding removes tissue and may introduce frass or contamination. Heavily damaged leaves are poor-quality medicinal material; intact healthy leaves are preferred.,https://doi.org/10.3390/agriengineering6010037 | https://www.extension.umd.edu/resource/caterpillars-trees | https://www.who.int/publications/i/item/9241546271 | https://www.who.int/publications/i/item/9789241500739
centella_asiatica,Redmite,Red Mite Damage,A mite-feeding abnormality reported for Centella asiatica. Red/spider mites feed on leaf sap and damage chlorophyll-containing tissue; this is pest damage rather than a fungal or bacterial disease.,"Fine pale-yellow spotting or stippling on the upper leaf surface, loss of normal green color, possible bronzing, wilting or drying, reduced vigor, premature leaf fall, and sometimes fine webbing when mite populations are high.","Healthy Centella asiatica leaves are evenly green and turgid, without widespread stippling, bronzing, mite webbing, abnormal wilting, or premature drying.","Do not use leaves with heavy mite injury, extensive discoloration, webbing, contamination, or tissue deterioration for medicinal preparation. Prefer separate healthy leaves after the infestation has been controlled.","Check the undersides of leaves for mites and fine webbing. Keep plants adequately watered because drought stress can worsen mite problems, and use a firm water spray where practical to dislodge mites. Protect predatory insects and mites and avoid unnecessary broad-spectrum insecticides. If a miticide or other control is required, use only one registered for the crop and observe the label and pre-harvest interval.",Low_Suitability,"Mite feeding causes physiological stress and visible tissue damage. Some medicinal constituents may remain, but heavily affected leaves have reduced and uncertain quality.",https://doi.org/10.3390/agriengineering6010037 | https://extension.usu.edu/vegetableguide/leafy-greens/spider-mite | https://www.who.int/publications/i/item/9241546271 | https://www.who.int/publications/i/item/9789241500739
centella_asiatica,Phosphorus_deficiency,Phosphorus Deficiency,"A nutritional disorder rather than an infectious disease. In Centella asiatica leaf-abnormality research, phosphorus deficiency is associated with restricted growth and dark green to purple pigmentation.","Stunted or reduced shoot growth, unusually dark or dull green foliage, reddish-purple or violet pigmentation in some leaves, smaller leaves, and reduced overall plant development. Symptoms may be more evident on older plant parts.","Healthy Centella asiatica plants show normal spreading growth and appropriately green leaves without abnormal purple pigmentation, strong growth suppression, or unusually small leaves.",Treat pronounced phosphorus-deficiency symptoms as a quality warning rather than an infectious disease. Prefer normally developed healthy green leaves for medicinal preparation. The visual appearance alone cannot establish the chemical quality or active-compound content of a deficient leaf.,"Confirm the suspected deficiency with soil, growing-medium, or nutrient-solution testing before adding phosphorus. Check pH and root health because phosphorus can be present but unavailable. If testing confirms low available phosphorus, correct it using a phosphorus source appropriate for the growing system and recommended locally; avoid excessive phosphorus application.",Expert_Verification_Recommended,"Phosphorus deficiency can alter growth and secondary-metabolite accumulation, but the direction and magnitude cannot be determined reliably from an image. Nutrient/soil verification is recommended.",https://doi.org/10.3390/agriengineering6010037 | https://plantscience.psu.edu/research/labs/roots/methods/methods-info/nutritional-disorders-displayed/phosphorus-deficiency | https://extension.psu.edu/managing-phosphorus-for-crop-production | https://www.who.int/publications/i/item/9241546271 | https://www.who.int/publications/i/item/9789241500739 | https://pubmed.ncbi.nlm.nih.gov/23608744/ | https://doi.org/10.1016/j.jplph.2013.03.010
holy_basil,Downy_Mildew,Downy Mildew,A serious basil disease caused by the oomycete Peronospora belbahrii. Symptoms often begin as yellowing before characteristic sporulation becomes visible on the underside of the leaf.,"Angular or vein-bounded yellow/chlorotic areas on the upper surface, gray to purplish fuzzy/downy growth on the underside, followed by brown or black necrotic tissue as disease progresses.",Healthy holy basil leaves are evenly green without vein-bounded yellow patches or gray-purple downy growth on the lower surface.,Not recommended for medicinal use: discard leaves with yellow angular lesions or gray/purple downy growth. Do not wash or trim an infected leaf for medicinal use.,"Remove infected leaves/plants, reduce canopy humidity, improve spacing and airflow, water at the base, and avoid prolonged leaf wetness. Use resistant varieties where available and follow locally approved disease-management guidance.",Not_Recommended,Active downy mildew and associated tissue damage make the affected leaf unsuitable for medicinal raw material.,https://www.vegetables.cornell.edu/pest-management/disease-factsheets/basil-downy-mildew/ | https://ask.ifas.ufl.edu/publication/PP271 | https://doi.org/10.1038/s41598-026-39182-3 | https://www.who.int/publications/i/item/9241546271 | https://www.who.int/publications/i/item/9789241500739 | https://enych.cce.cornell.edu/submission.php?crumb=pests%7Cpests&id=557
holy_basil,Web_Blight,Web Blight,A web-blight condition in holy basil characterized in recent medicinal-leaf classification work by thin fungal webbing with necrosis and tissue death. The exact causal organism should be confirmed when pathogen-level diagnosis is required.,"Thin web-like fungal growth across affected tissue, spreading brown or necrotic areas, tissue collapse or death, and possible sticking together of nearby affected leaf surfaces.","Healthy holy basil leaves lack fungal webbing, spreading necrotic patches, and dead collapsed tissue.","Not recommended for medicinal use: discard leaves with fungal webbing, spreading brown lesions, or dead tissue. Use only separate healthy leaves after the disease is controlled.","Remove infected foliage and fallen debris, thin dense growth, improve airflow, and avoid overhead irrigation or prolonged humid/wet foliage. Confirm the causal organism before using any fungicide.",Not_Recommended,Fungal webbing and necrotic tissue indicate active disease and make the affected leaf unsuitable for medicinal use.,https://doi.org/10.1038/s41598-026-39182-3 | https://www.who.int/publications/i/item/9241546271 | https://www.who.int/publications/i/item/9789241500739 | https://www.extension.umd.edu/resource/rhizoctonia-web-blight-flowers
holy_basil,Yellow_Spot,Yellow Spot,"A visible leaf-spot condition in holy basil. In a recent medicinal-leaf disease dataset, Yellow Spot was characterized by a light yellow ring around an initial lesion and was described as compatible with bacterial or fungal spotting, not a single confirmed pathogen.","Localized yellow spot or pale yellow halo/ring around an initial lesion, sometimes followed by darker central tissue or enlargement of the affected area.",Healthy holy basil leaves are more uniformly green and lack localized yellow-ringed lesions or spot-associated discoloration.,Not recommended when yellow spotting is pronounced or unexplained. Discard the affected leaf and use separate healthy green leaves only after the cause is identified.,"Treat this first as a symptom class: remove badly affected leaves, reduce splash and prolonged wetness, inspect for pests and other disease signs, and obtain diagnosis if the condition spreads before choosing a pathogen-specific treatment.",Expert_Verification_Recommended,Yellow spotting may arise from infectious or physiological causes. The image alone does not establish the cause or medicinal-material quality.,https://doi.org/10.1038/s41598-026-39182-3 | https://www.who.int/publications/i/item/9241546271 | https://www.who.int/publications/i/item/9789241500739
holy_basil,Anthocyanin_Pigmentation,Anthocyanin Pigmentation,"A pigmentation/physiological class rather than an infectious disease. Holy basil (Ocimum tenuiflorum / O. sanctum) occurs in green and purple subtypes. Research shows that purple Tulsi accumulates substantially more anthocyanin pigments in the foliage, with higher expression of anthocyanin-biosynthesis genes. Therefore purple or reddish-violet coloration can be normal varietal pigmentation rather than disease.","Purple, reddish-purple or violet coloration over part or much of the leaf, sometimes also visible on stems and inflorescences. When it is normal anthocyanin pigmentation, the tissue remains intact and does not show the necrotic lesions, fuzzy growth, water-soaking or rotting expected from disease.","Green/Rama Tulsi is predominantly green, while purple/Krishna (Shyama) Tulsi naturally contains much more anthocyanin and may appear purple or reddish-violet. Thus pigmentation must be interpreted with the plant subtype and the absence or presence of true disease symptoms.","Do not reject a holy basil leaf solely because of normal anthocyanin pigmentation. If the coloration is consistent with a healthy purple Tulsi subtype and there are no signs of disease, decay, pest contamination or other deterioration, the pigmentation itself is not evidence of poor medicinal quality. Visual assessment still cannot confirm chemical composition, contamination or clinical safety.","No disease treatment is required for normal varietal anthocyanin pigmentation. First confirm whether the plant is a naturally purple Tulsi subtype. If a normally green plant develops unexpected purple coloration together with poor growth or other stress symptoms, investigate environmental and nutritional stress rather than automatically treating it as an infection.",Suitable,Normal anthocyanin pigmentation can be a healthy characteristic of purple/Krishna Tulsi and is not itself evidence of disease or reduced medicinal quality.,https://pmc.ncbi.nlm.nih.gov/articles/PMC7423827/ | https://www.who.int/publications/i/item/9241546271 | https://www.who.int/publications/i/item/9789241500739 | https://pmc.ncbi.nlm.nih.gov/articles/PMC9634403/
kalanchoe_pinnata,Web_Blight,Web Blight,"A fungal web-blight condition reported for Kalanchoe pinnata in medicinal-leaf classification work, characterized by mycelial webbing and confluent necrotic damage.","Gray mycelial or web-like growth, brown to dark necrotic spots that merge into larger affected areas, tissue death, and possible collapse of badly affected portions of the succulent leaf.","Healthy Kalanchoe pinnata leaves are evenly green and succulent with intact edges and no gray webbing, spreading necrosis or abnormal discoloration.","Not recommended for medicinal use: discard leaves showing webbing, spreading necrosis, or soft/collapsing tissue. Do not salvage the same affected leaf by trimming.","Remove affected leaves and debris, improve airflow, avoid overhead irrigation and persistent humidity, and keep the succulent foliage dry. Confirm the causal disease before applying any treatment.",Not_Recommended,Active fungal web blight with necrotic tissue makes the affected leaf unsuitable for medicinal raw material.,https://doi.org/10.1038/s41598-026-39182-3 | https://www.who.int/publications/i/item/9241546271 | https://www.who.int/publications/i/item/9789241500739 | https://www.extension.umd.edu/resource/rhizoctonia-web-blight-flowers
kalanchoe_pinnata,Yellow,General Yellowing,"A yellowing/stress condition rather than a single pathogen-specific disease. In a recent Kalanchoe pinnata dataset, the Yellow class was described as broad leaf yellowing while veins may remain greener, consistent with nutrient stress or possible early viral/systemic stress.","Generalized yellowing of much of the leaf blade, sometimes with greener veins, reduced normal green coloration, and no requirement for a distinct necrotic lesion.","Healthy Kalanchoe pinnata leaves are evenly green, succulent and intact rather than broadly yellowed or chlorotic.","Not recommended when the leaf is broadly yellow, stressed, or deteriorating. Use separate healthy green succulent leaves only after the underlying cause is corrected.","Do not treat yellowing as a specific disease. Check overwatering, drainage, root health, light/heat stress, nutrition, and pests; correct the confirmed cause and monitor new growth.",Expert_Verification_Recommended,"Yellowing is nonspecific and may result from water, nutrient, root, environmental or disease stress. Suitability cannot be established from appearance alone.",https://doi.org/10.1038/s41598-026-39182-3 | https://www.who.int/publications/i/item/9241546271 | https://www.who.int/publications/i/item/9789241500739
kalanchoe_pinnata,Yellow_Blight,Yellow Blight,A field-observed syndrome used as a classification label for Kalanchoe pinnata. It is characterized by extensive yellowing followed by marginal necrosis and tissue destruction; it should not be presented as a pathogen-specific disease unless independently confirmed.,"Extensive chlorosis/yellowing, progressive browning or necrosis from leaf margins, damaged or dead edge tissue, and broader tissue destruction as the condition advances.",Healthy leaves remain evenly green and succulent with intact living margins rather than widespread yellowing followed by marginal death.,Not recommended for medicinal use: discard leaves showing extensive yellowing together with marginal browning or necrosis. Do not cut off only the dead edge and use the remainder.,"Remove badly affected leaves, improve drainage and airflow, avoid prolonged leaf wetness, and inspect roots and nearby foliage for additional symptoms. Because this label is a syndrome rather than a confirmed pathogen, diagnose the cause before treatment.",Not_Recommended,Extensive yellowing combined with necrotic/blighted tissue represents major deterioration. The affected leaf should not be used medicinally.,https://doi.org/10.1038/s41598-026-39182-3 | https://www.who.int/publications/i/item/9241546271 | https://www.who.int/publications/i/item/9789241500739
kalanchoe_pinnata,Insect_Damage,Insect Damage,"A broad pest-damage class for Kalanchoe pinnata (syn. Bryophyllum pinnatum), not a single disease. Published observations report leaf-feeding larvae such as the Red Pierrot (Talicada nyseus), whose larvae create blister-like mines that develop into blotches. Kalanchoe can also be attacked by sap-sucking pests such as aphids, scale insects, mealybugs and spider mites.","Blister-like or blotch-like mined areas, chewed or missing tissue, torn-looking portions of the leaf, yellowing or slight curling from sap feeding, sticky honeydew, white cottony mealybug masses, scale-like bumps, or fine webbing/stippling from mites. Symptoms vary with the pest.","Healthy Kalanchoe pinnata leaves are thick, succulent and intact without feeding mines, chewing damage, abnormal yellowing/curling, honeydew, cottony pest masses or mite webbing.","Do not use heavily insect-damaged, contaminated or deteriorating leaves for medicinal preparation. Prefer a separate intact healthy leaf after the infestation is controlled. Minor cosmetic injury alone does not prove that a leaf is unsafe, and an image cannot verify pesticide residues or chemical quality.","Inspect leaf surfaces, margins, axils and tender growth to identify the pest. Remove heavily affected leaves and hand-remove visible larvae or colonies where practical. Sap-sucking pests can often be reduced with a firm water rinse or an appropriately labelled insecticidal soap/horticultural treatment. Use only controls registered for the intended crop/use and follow all label directions.",Low_Suitability,"Insect feeding can leave some intact medicinal tissue, but substantial damage and possible contamination reduce material quality. Prefer undamaged healthy leaves.",https://www.entomoljournal.com/archives/?ArticleId=1331&issue=6&vol=4&year=2016 | https://www.llifle.com/Encyclopedia/SUCCULENTS/Family/Crassulaceae/29120/Bryophyllum_pinnatum | https://www.who.int/publications/i/item/9241546271 | https://www.who.int/publications/i/item/9789241500739
murraya_koenigii,Complex Foliar Damage,Complex Foliar Damage,"A composite visual-damage class rather than a single disease diagnosis. It can represent multiple simultaneous forms of foliar injury such as chewing, sap-feeding injury, discoloration, sooty deposits, deformation or necrosis.","A mixture of holes or pinholes, irregular or geometric chewing cuts, damaged margins, yellowing, distorted tissue, localized necrosis, and sometimes dark sooty coating associated with sap-feeding insects.","Healthy curry leaves have intact, green leaflets without extensive chewing, holes, distortion, sooty coating, or multiple concurrent damage patterns.","Not recommended when damage is extensive, mixed, contaminated, moldy, or necrotic. Prefer a separate intact healthy curry leaf rather than trying to trim and use a heavily damaged leaf.","Identify the components of the damage first: inspect for mites, psyllids, thrips, caterpillars, sooty mold, and disease lesions. Remove severely damaged leaves, manage the confirmed pest/disease separately, and use only products labeled for edible crops with the required pre-harvest interval.",Low_Suitability,"Mixed foliar damage can involve chewing, sap-feeding, discoloration and contamination. Because the cause and retained quality vary, damaged material has low suitability.",https://www.researchgate.net/publication/379255673_Record_of_new_pests_of_curry_leaves_Murraya_koenigii_L_Spreng_from_Kerala_India | https://www.researchgate.net/publication/376314456_Phytochemical_Profiling_of_Primary_and_Secondary_Metabolites_in_Pest_Infested_Murraya_koenigii_L_Spreng | https://www.who.int/publications/i/item/9241546271 | https://www.who.int/publications/i/item/9789241500739 | https://ask.extension.org/kb/faq.php?id=893907 | https://pmhe.in/index.php/pmhe/article/view/336
murraya_koenigii,Insect_Damage,Insect Damage,"A broad pest-damage class for curry leaf (Murraya koenigii), not a single disease. Curry leaf is attacked by both leaf-feeding insects and sap-sucking insects, including citrus butterfly larvae, psyllids, scales, mealybugs, aphids, tortoise beetles, leaf miners, whiteflies, leafhoppers and other defoliators.","Chewed or missing leaflet tissue, ragged or notched margins, partial defoliation, leaf mines, curling or distortion of tender growth, yellowing from sap feeding, sticky honeydew, and sometimes black sooty mould developing on honeydew. The exact pattern depends on the insect pest.","Healthy curry leaves have intact green leaflets and normal tender growth without chewing holes, mining trails, abnormal curling, pest-associated yellowing, sticky honeydew or sooty deposits.","For this visual-quality system, prefer intact healthy curry leaves. Do not use leaves with heavy feeding injury, extensive yellowing, frass, eggs, honeydew, sooty mould or other visible contamination. A lightly damaged leaf should not automatically be considered unsafe, but visual inspection alone cannot establish medicinal safety or pesticide-residue status.","Identify the pest type before treatment. Inspect tender shoots and both leaf surfaces; hand-pick large larvae where practical, remove severely infested leaves, use monitoring traps when appropriate, and conserve natural enemies. For citrus butterfly, extension guidance includes hand collection of larvae and Bacillus thuringiensis-based management. If a pesticide is necessary, use only a product registered for curry leaf/edible crops in the local jurisdiction and follow the label and pre-harvest interval.",Low_Suitability,"Published evidence shows pest infestation can significantly alter chlorophyll, ascorbic acid, carotenoids and other metabolites in curry leaves. Healthy uninfested leaves are preferred.",https://doi.org/10.55278/GNHR9922 | https://www.agritech.tnau.ac.in/horticulture/pdf/AESA%20based%20IPM%20Curry%20leaf%20%28final%2026-02-2014%29.pdf | https://www.agritech.tnau.ac.in/ta/pdf/HORTICULTURE.pdf | https://www.who.int/publications/i/item/9241546271 | https://www.who.int/publications/i/item/9789241500739 | https://www.researchgate.net/publication/376314456_Phytochemical_Profiling_of_Primary_and_Secondary_Metabolites_in_Pest_Infested_Murraya_koenigii_L_Spreng
murraya_koenigii,Fungus,Fungal Infection / Fungal Leaf Disease,"A generic fungal-disease class for curry leaf (Murraya koenigii). The label should not be interpreted as one specific fungus unless the source dataset confirms it. A well-documented fungal leaf disease of curry leaf is anthracnose/leaf spot caused by Colletotrichum gloeosporioides; powdery mildew has also been reported on curry leaf. For a generic visual class, the safest wording is therefore 'fungal infection' rather than assigning a pathogen from the image alone.","Depending on the fungus, symptoms may include small dark or black necrotic spots, circular lesions that enlarge and become brown, tan or black, yellow halos around lesions, coalescing blackish patches, tip blight or burning, premature leaf drop, or white powdery fungal growth in powdery-mildew cases. Colletotrichum leaf spot on curry leaf is specifically reported to begin as small circular dark spots that enlarge and may develop visible black fungal fruiting bodies.","Healthy curry leaf leaflets are intact, evenly green and free from necrotic spots, expanding brown/black lesions, yellow lesion halos, fungal fruiting bodies, powdery surface growth, tip blight and premature drying.","Do not use curry leaves with visible active fungal infection, mould-like growth, substantial necrotic spotting or blight for medicinal preparation. Do not simply cut around a fungal lesion and use the remainder of the same affected leaflet. Prefer separate, fully healthy leaves after the disease has been controlled. Visual assessment cannot verify fungal toxins, microbial contamination, pesticide residues or the chemical potency of the material.","Remove heavily infected leaves and fallen diseased debris and keep them away from healthy plant material. Improve airflow and reduce prolonged leaf wetness and overhead splash where practical. Sanitize pruning tools. Because this is a generic fungal label, confirm the disease before selecting a fungicide. If chemical control is needed, use only a fungicide registered locally for curry leaf/edible crops and the confirmed disease, and strictly follow the product label and pre-harvest interval.",Not_Recommended,"Visible active fungal infection, mould-like growth, necrotic spotting or blight makes the affected curry leaf unsuitable as medicinal raw material.",https://epubs.icar.org.in/index.php/IPPJ/article/view/19382 | https://agris.fao.org/search/en/providers/122648/records/647480b62d3f560f80b17331 | https://www.ijsar.in/archivedetail.aspx?id=13&idhash=197 | https://bsppjournals.onlinelibrary.wiley.com/doi/full/10.1002/ndr2.12175 | https://www.who.int/publications/i/item/9241546271 | https://www.who.int/publications/i/item/9789241500739
