epoch,accuracy,learning_rate,loss,top_3_accuracy,val_accuracy,val_loss,val_top_3_accuracy
0,0.9482758641242981,9.999999747378752e-06,0.11363141983747482,1.0,0.9333333373069763,0.33058565855026245,1.0
1,0.982758641242981,9.999999747378752e-06,0.10711542516946793,1.0,0.9333333373069763,0.33848804235458374,1.0
2,1.0,9.999999747378752e-06,0.05574456974864006,1.0,0.9333333373069763,0.34586647152900696,1.0
3,0.9655172228813171,9.999999747378752e-06,0.14616918563842773,1.0,0.9333333373069763,0.36026686429977417,1.0
4,0.9655172228813171,3.499999820633093e-06,0.12155849486589432,1.0,0.9333333373069763,0.3719099164009094,1.0
5,0.982758641242981,3.499999820633093e-06,0.09513826668262482,1.0,0.9333333373069763,0.38164272904396057,1.0
6,0.9137930870056152,3.499999820633093e-06,0.21191643178462982,1.0,0.9333333373069763,0.39815443754196167,1.0
7,0.982758641242981,1.2249998917468474e-06,0.04469463601708412,1.0,0.9333333373069763,0.4126069247722626,1.0
8,0.931034505367279,1.2249998917468474e-06,0.11814048141241074,1.0,0.9333333373069763,0.4257752001285553,1.0
